[
	{
		"firstname": "Hetta",
		"surname": "Van Deventer",
		"id": 1,
		"email": "hetta@mail.com",
		"password": "c17",
		"level": 3,
		"picture": "img/users/hetta-van-deventer.jpg",
		"city": "Brive la Gaillarde",
		"birth": 1972,
		"bio": "Lorem ipsum dolor sit amet, consectetur adipisicing elit. Odio aspernatur fuga quisquam iusto, eum veniam vel cumque autem assumenda nulla illum accusamus, expedita animi quaerat temporibus saepe magnam, dolor minima."
	},
	{
		"firstname": "Alfredo",
		"surname": "Linguini",
		"id": 2,
		"email": "alfredo@mail.com",
		"password": "c17",
		"level": 1,
		"picture": "img/users/alfredo-linguini.jpg",
		"city": "Dunkerque",
		"birth": 1993,
		"bio": "Lorem ipsum dolor sit amet, consectetur adipisicing elit. Odio aspernatur fuga quisquam iusto, eum veniam vel cumque autem assumenda nulla illum accusamus, expedita animi quaerat temporibus saepe magnam, dolor minima."
	},
	{
		"firstname": "Jean",
		"surname": "Bonneau",
		"id": 3,
		"email": "jean@mail.com",
		"password": "c17",
		"level": 2,
		"picture": "img/users/jean-bonneau.jpg",
		"city": "Marseille",
		"birth": 1982,
		"bio": "Lorem ipsum dolor sit amet, consectetur adipisicing elit. Odio aspernatur fuga quisquam iusto, eum veniam vel cumque autem assumenda nulla illum accusamus, expedita animi quaerat temporibus saepe magnam, dolor minima."
	},
	{
		"firstname": "Rose",
		"surname": "Bihff",
		"id": 4,
		"email": "rose@mail.com",
		"password": "c17",
		"level": 2,
		"picture": "img/users/rose-bihff.jpg",
		"city": "Melun",
		"birth": 1957,
		"bio": "Lorem ipsum dolor sit amet, consectetur adipisicing elit. Odio aspernatur fuga quisquam iusto, eum veniam vel cumque autem assumenda nulla illum accusamus, expedita animi quaerat temporibus saepe magnam, dolor minima."
	},
	{
		"firstname": "Pierre",
		"surname": "Musarro",
		"id": 5,
		"email": "pierrem@mail.com",
		"password": "c17",
		"level": 2,
		"picture": "img/users/pierrem.jpg",
		"city": "Napoli",
		"birth": 1981,
		"bio": "Lorem ipsum dolor sit amet, consectetur adipisicing elit. Murasso Odio aspernatur fuga quisquam iusto, eum veniam vel cumque autem assumenda nulla illum accusamus, expedita animi quaerat temporibus saepe magnam, dolor minima."
	},
	{
		"firstname": "Jonathan",
		"surname": "Baher",
		"id": 6,
		"email": "jonathan@mail.com",
		"password": "c17",
		"level": 2,
		"picture": "img/users/jonathan.jpg",
		"city": "Tunis",
		"birth": 1980,
		"bio": "Lorem ipsum behar dolor sit amet, consectetur adipisicing elit. Odio aspernatur fuga quisquam iusto, eum veniam vel cumque autem assumenda nulla illum accusamus, expedita animi quaerat temporibus saepe magnam, dolor minima."
	},
	{
		"firstname": "Nicolas",
		"surname": "Bouscal",
		"id": 7,
		"email": "nicolas@mail.com",
		"password": "c17",
		"level": 2,
		"picture": "img/users/nicolas.jpg",
		"city": "Dublin",
		"birth": 1981,
		"bio": "Lorem ipsum behar dolor bascoul sit amet, consectetur adipisicing elit. Odio aspernatur fuga quisquam iusto, eum veniam vel cumque autem assumenda nulla illum accusamus, expedita animi quaerat temporibus saepe magnam, dolor minima."
	},
	{
		"firstname": "Alexandre",
		"surname": "Seed",
		"id": 8,
		"email": "alexandre@mail.com",
		"password": "c17",
		"level": 3,
		"picture": "img/users/alexandre.jpg",
		"city": "Compiègne",
		"birth": 1989,
		"bio": "Lorem ipsum behar dolor dees sit amet, consectetur adipisicing elit. Odio aspernatur fuga quisquam iusto, eum veniam vel cumque autem assumenda nulla illum accusamus, expedita animi quaerat temporibus saepe magnam, dolor minima."
	},
	{
		"firstname": "Amjed",
		"surname": "Chouhima",
		"id": 9,
		"email": "amjed@mail.com",
		"password": "c17",
		"level": 2,
		"picture": "img/users/amjed.jpg",
		"city": "Tunis",
		"birth": 1987,
		"bio": "Lorem ipsum behar dolor chahoumi sit amet, consectetur adipisicing elit. Odio aspernatur fuga quisquam iusto, eum veniam vel cumque autem assumenda nulla illum accusamus, expedita animi quaerat temporibus saepe magnam, dolor minima."
	},
	{
		"firstname": "Baptiste",
		"surname": "Céppéro",
		"id": 10,
		"email": "baptiste@mail.com",
		"password": "c17",
		"level": 2,
		"picture": "img/users/baptiste.jpg",
		"city": "Saint-Etienne",
		"birth": 1990,
		"bio": "Lorem ipsum behar dolor copperos sit amet, consectetur adipisicing elit. Odio aspernatur fuga quisquam iusto, eum veniam vel cumque autem assumenda nulla illum accusamus, expedita animi quaerat temporibus saepe magnam, dolor minima."
	},
	{
		"firstname": "Bénédicte",
		"surname": "Cestal",
		"id": 11,
		"email": "benedicte@mail.com",
		"password": "c17",
		"level": 1,
		"picture": "img/users/benedicte.jpg",
		"city": "Montpellier",
		"birth": 1981,
		"bio": "Lorem ipsum behar dolor castelis sit amet, consectetur adipisicing elit. Odio aspernatur fuga quisquam iusto, eum veniam vel cumque autem assumenda nulla illum accusamus, expedita animi quaerat temporibus saepe magnam, dolor minima."
	},
	{
		"firstname": "Bruno",
		"surname": "Schmedtki",
		"id": 12,
		"email": "bruno@mail.com",
		"password": "c17",
		"level": 3,
		"picture": "img/users/bruno.jpg",
		"city": "Gardanne",
		"birth": 1981,
		"bio": "Lorem ipsum behar dolor schmitkus sit amet, consectetur adipisicing elit. Odio aspernatur fuga quisquam iusto, eum veniam vel cumque autem assumenda nulla illum accusamus, expedita animi quaerat temporibus saepe magnam, dolor minima."
	},
	{
		"firstname": "Christophe",
		"surname": "Porseci",
		"id": 13,
		"email": "christophe@mail.com",
		"password": "c17",
		"level": 1,
		"picture": "img/users/christophe.jpg",
		"city": "Metz",
		"birth": 1979,
		"bio": "Lorem ipsum behar dolor persicis sit amet, consectetur adipisicing elit. Odio aspernatur fuga quisquam iusto, eum veniam vel cumque autem assumenda nulla illum accusamus, expedita animi quaerat temporibus saepe magnam, dolor minima."
	},
	{
		"firstname": "Clémence",
		"surname": "Ailame",
		"id": 14,
		"email": "clemence@mail.com",
		"password": "c17",
		"level": 2,
		"picture": "img/users/clemence.jpg",
		"city": "Viny",
		"birth": 1991,
		"bio": "Lorem ipsum behar dolor alaima sit amet, consectetur adipisicing elit. Odio aspernatur fuga quisquam iusto, eum veniam vel cumque autem assumenda nulla illum accusamus, expedita animi quaerat temporibus saepe magnam, dolor minima."
	},
	{
		"firstname": "Faysal",
		"surname": "Biou",
		"id": 15,
		"email": "faysal@mail.com",
		"password": "c17",
		"level": 2,
		"picture": "img/users/faysal.jpg",
		"city": "Stockholm",
		"birth": 1990,
		"bio": "Lorem ipsum behar dolor boui sit amet, consectetur adipisicing elit. Odio aspernatur fuga quisquam iusto, eum veniam vel cumque autem assumenda nulla illum accusamus, expedita animi quaerat temporibus saepe magnam, dolor minima."
	},
	{
		"firstname": "Jill",
		"surname": "Gerve",
		"id": 16,
		"email": "jill@mail.com",
		"password": "c17",
		"level": 2,
		"picture": "img/users/jill.jpg",
		"city": "Austin",
		"birth": 1992,
		"bio": "Lorem ipsum behar dolor greve sit amet, consectetur adipisicing elit. Odio aspernatur fuga quisquam iusto, eum veniam vel cumque autem assumenda nulla illum accusamus, expedita animi quaerat temporibus saepe magnam, dolor minima."
	},
	{
		"firstname": "Johanna",
		"surname": "Teiab",
		"id": 17,
		"email": "johanna@mail.com",
		"password": "c17",
		"level": 3,
		"picture": "img/users/johanna.jpg",
		"city": "Neuilly-Sur-Seine",
		"birth": 1981,
		"bio": "Lorem ipsum behar dolor sebagus sit amet, consectetur adipisicing elit. Odio aspernatur fuga quisquam iusto, eum veniam vel cumque autem assumenda nulla illum accusamus, expedita animi quaerat temporibus saepe magnam, dolor minima."
	},
	{
		"firstname": "Oussama",
		"surname": "Mizaa",
		"id": 18,
		"email": "oussama@mail.com",
		"password": "c17",
		"level": 2,
		"picture": "img/users/oussama.jpg",
		"city": "Essaouira",
		"birth": 1987,
		"bio": "Lorem ipsum behar dolor maazi sit amet, consectetur adipisicing elit. Odio aspernatur fuga quisquam iusto, eum veniam vel cumque autem assumenda nulla illum accusamus, expedita animi quaerat temporibus saepe magnam, dolor minima."
	},
	{
		"firstname": "Pierre",
		"surname": "Heminla",
		"id": 19,
		"email": "pierreh@mail.com",
		"password": "c17",
		"level": 1,
		"picture": "img/users/pierreh.jpg",
		"city": "Melun",
		"birth": 1990,
		"bio": "Lorem ipsum behar dolor hamelinas sit amet, consectetur adipisicing elit. Odio aspernatur fuga quisquam iusto, eum veniam vel cumque autem assumenda nulla illum accusamus, expedita animi quaerat temporibus saepe magnam, dolor minima."
	},
	{
		"firstname": "Thomas",
		"surname": "Syre",
		"id": 20,
		"email": "thomas@mail.com",
		"password": "c17",
		"level": 2,
		"picture": "img/users/thomas.jpg",
		"city": "San Francisco",
		"birth": 1984,
		"bio": "Lorem ipsum behar dolor serys sit amet, consectetur adipisicing elit. Odio aspernatur fuga quisquam iusto, eum veniam vel cumque autem assumenda nulla illum accusamus, expedita animi quaerat temporibus saepe magnam, dolor minima."
	}
]