[
	{
		"id": "pomme-de-terre",
		"name": "Pomme de terre",
		"isAvailable": true,
		"picture": "pomme-de-terre.jpg",
		"category": "vegetable",
		"calories": 140
	},
	{
		"id": "boeuf",
		"name": "Boeuf",
		"isAvailable": true,
		"picture": "boeuf.jpg",
		"category": "meat",
		"calories": 200
	},
	{
		"id": "poulet",
		"name": "Poulet",
		"isAvailable": true,
		"picture": "poulet.jpg",
		"category": "meat",
		"calories": 180
	},
	{
		"id": "citron",
		"name": "Citron",
		"isAvailable": true,
		"picture": "citron.jpg",
		"category": "fruit",
		"calories": 110
	},
	{
		"id": "sucre",
		"name": "Sucre",
		"isAvailable": true,
		"picture": "sucre.jpg",
		"category": "other",
		"calories": 600
	},
	{
		"id": "farine",
		"name": "Farine",
		"isAvailable": true,
		"picture": "farine.jpg",
		"category": "other",
		"calories": 310
	},
	{
		"id": "tomate",
		"name": "Tomate",
		"isAvailable": true,
		"picture": "tomate.jpg",
		"category": "fruit",
		"calories": 80
	},
	{
		"id": "carotte",
		"name": "Carotte",
		"isAvailable": true,
		"picture": "carotte.jpg",
		"category": "vegetable",
		"calories": 65
	},
	{
		"id": "ananas",
		"name": "Ananas",
		"isAvailable": true,
		"picture": "ananas.jpg",
		"category": "fruit",
		"calories": 95
	},
	{
		"id": "aubergine",
		"name": "Aubergine",
		"isAvailable": true,
		"picture": "aubergine.jpg",
		"category": "vegetable",
		"calories": 50
	},
	{
		"id": "banane",
		"name": "Banane",
		"isAvailable": true,
		"picture": "banane.jpg",
		"category": "fruit",
		"calories": 210
	},
	{
		"id": "biere",
		"name": "Bière",
		"isAvailable": true,
		"picture": "biere.jpg",
		"category": "alcohol",
		"calories": 140
	},
	{
		"id": "brocolis",
		"name": "Brocolis",
		"isAvailable": true,
		"picture": "brocolis.jpg",
		"category": "vegetable",
		"calories": 80
	},
	{
		"id": "citron-vert",
		"name": "Citron vert",
		"isAvailable": true,
		"picture": "citron-vert.jpg",
		"category": "fruit",
		"calories": 80
	},
	{
		"id": "colin",
		"name": "Colin",
		"isAvailable": true,
		"picture": "colin.jpg",
		"category": "fish",
		"calories": 80
	},
	{
		"id": "creme",
		"name": "Crème",
		"isAvailable": true,
		"picture": "creme.jpg",
		"category": "dairy-product",
		"calories": 80
	},
	{
		"id": "crevettes",
		"name": "Crevettes",
		"isAvailable": true,
		"picture": "crevettes.jpg",
		"category": "seafood",
		"calories": 100
	},
	{
		"id": "echalotte",
		"name": "Echalotte",
		"isAvailable": true,
		"picture": "echalotte.jpg",
		"category": "vegetable",
		"calories": 30
	},
	{
		"id": "fraise",
		"name": "Fraise",
		"isAvailable": true,
		"picture": "fraise.jpg",
		"category": "fruit",
		"calories": 130
	},
	{
		"id": "glace",
		"name": "Glace",
		"isAvailable": true,
		"picture": "glace.jpg",
		"category": "other",
		"calories": 0
	},
	{
		"id": "gruyere",
		"name": "Gruyère",
		"isAvailable": true,
		"picture": "gruyere.jpg",
		"category": "cheese",
		"calories": 430
	},
	{
		"id": "huile-olive",
		"name": "Huile d'olive",
		"isAvailable": true,
		"picture": "huile-olive.jpg",
		"category": "other",
		"calories": 850
	},
	{
		"id": "Huile",
		"name": "huile-tournesol",
		"isAvailable": true,
		"picture": "huile-tournesol.jpg",
		"category": "other",
		"calories": 900
	},
	{
		"id": "jambon",
		"name": "Jambon",
		"isAvailable": true,
		"picture": "jambon.jpg",
		"category": "meat",
		"calories": 270
	},
	{
		"id": "kiwi",
		"name": "Kiwi",
		"isAvailable": true,
		"picture": "kiwi.jpg",
		"category": "fruit",
		"calories": 145
	},
	{
		"id": "lait",
		"name": "Lait",
		"isAvailable": true,
		"picture": "lait.jpg",
		"category": "dairy-product",
		"calories": 500
	},
	{
		"id": "mais",
		"name": "Maïs",
		"isAvailable": true,
		"picture": "mais.jpg",
		"category": "cereal",
		"calories": 160
	},
	{
		"id": "noix-de-coco",
		"name": "Noix de coco",
		"isAvailable": true,
		"picture": "noix-de-coco.jpg",
		"category": "fruit",
		"calories": 100
	},
	{
		"id": "oeuf",
		"name": "Oeuf",
		"isAvailable": true,
		"picture": "oeuf.jpg",
		"category": "other",
		"calories": 450
	},
	{
		"id": "olives",
		"name": "Olives",
		"isAvailable": true,
		"picture": "olives.jpg",
		"category": "fruit",
		"calories": 490
	},
	{
		"id": "orange",
		"name": "Orange",
		"isAvailable": true,
		"picture": "orange.jpg",
		"category": "fruit",
		"calories": 105
	},
	{
		"id": "pamplemousse",
		"name": "Pamplemousse",
		"isAvailable": true,
		"picture": "pamplemousse.jpg",
		"category": "fruit",
		"calories": 100
	},
	{
		"id": "pasteque",
		"name": "Pastèque",
		"isAvailable": true,
		"picture": "pasteque.jpg",
		"category": "fruit",
		"calories": 40
	},
	{
		"id": "poire",
		"name": "Poire",
		"isAvailable": true,
		"picture": "poire.jpg",
		"category": "fruit",
		"calories": 65
	},
	{
		"id": "pomme",
		"name": "Pomme",
		"isAvailable": true,
		"picture": "pomme.jpg",
		"category": "fruit",
		"calories": 55
	},
	{
		"id": "raisin",
		"name": "Raisin",
		"isAvailable": true,
		"picture": "raisin.jpg",
		"category": "fruit",
		"calories": 90
	},
	{
		"id": "salade",
		"name": "Salade",
		"isAvailable": true,
		"picture": "salade.jpg",
		"category": "vegetable",
		"calories": 25
	},
	{
		"id": "saumon",
		"name": "saumon",
		"isAvailable": true,
		"picture": "Saumon.jpg",
		"category": "fish",
		"calories": 250
	},
	{
		"id": "thon",
		"name": "Thon",
		"isAvailable": true,
		"picture": "thon.jpg",
		"category": "fish",
		"calories": 180
	},
	{
		"id": "toast",
		"name": "Toast",
		"isAvailable": true,
		"picture": "toast.jpg",
		"category": "autre",
		"calories": 160
	},
	{
		"id": "vin-rouge",
		"name": "Vin Rouge",
		"isAvailable": true,
		"picture": "vin-rouge.jpg",
		"category": "alcohol",
		"calories": 70
	}
]